l_russian:
  aachen.spanish_language: "Акісгран"
  aalst.spanish_language: "Алост"
  acre.spanish_language: "Сан-Хуан-де-Акре"
  agadir.spanish_language: "Санта-Крус-дель-Кабо-Агер"
  aguere.spanish_language: "Сан-Крістобаль-де-ла-Лагуна"
  akimel_oodham.spanish_language: "Сан-Хав'єр-дель-Бак"
  alcacer_do_sal.spanish_language: "Алькасар-де-ла-Саль"
  alcobaca.spanish_language: "Алькобаса"
  alencon.spanish_language: "Аленсон"
  alexandria.spanish_language: "Алехандрія"
  alghero.spanish_language: "Альгер"
  algiers.spanish_language: "Архель"
  amsterdam.spanish_language: "Амстердам"
  andorra_la_vella.spanish_language: "Андорра-ла-В'єха"
  angouleme.spanish_language: "Ангулема"
  antwerp.spanish_language: "Антуерпія"
  apalachee.spanish_language: "Сан-Маркос-де-Апалачі"
  aquileia.spanish_language: "Акілея"
  arasibo.spanish_language: "Аресібо"
  arles.spanish_language: "Арлес"
  arras.spanish_language: "Аррас"
  asilah.spanish_language: "Арсіла"
  assisi.spanish_language: "Асіс"
  augsburg.spanish_language: "Аугсбурго"
  avignon.spanish_language: "Авіньйон"
  awaswas.spanish_language: "Сан-Франсіско-де-Асіс"
  azemmour.spanish_language: "Асамор"
  azrou.spanish_language: "Асру"
  azua.spanish_language: "Асуа-де-Компостела"
  bamberg.spanish_language: "Бамберга"
  bani.spanish_language: "Бані"
  banique.spanish_language: "Баніка"
  bastogne.spanish_language: "Бастонья"
  bavaro.spanish_language: "Баваро"
  bayaquitiri.spanish_language: "Сантьяго-де-Куба"
  bayonne.spanish_language: "Байона"
  bejaia.spanish_language: "Бухія"
  bergamo.spanish_language: "Бергамо"
  bergen_zoom.spanish_language: "Берхен"
  berlin.spanish_language: "Берлін"
  besancon.spanish_language: "Бесансон"
  bitburg.spanish_language: "Бітбурго"
  bizerte.spanish_language: "Бісерта"
  bohio.spanish_language: "Сан-Феліпе-де-Пуерто-Плата"
  bologna.spanish_language: "Болонья"
  bordeaux.spanish_language: "Бурдеос"
  bosa_colombia.spanish_language: "Санта-Фе-де-Богота"
  boya.spanish_language: "Сабана-Гранде-де-Бойя"
  braganca.spanish_language: "Браганса"
  brandenburg.spanish_language: "Бранденбурго"
  bremen.spanish_language: "Брема"
  briancon.spanish_language: "Бріансон"
  brixen.spanish_language: "Бресанона"
  bruges.spanish_language: "Брухас"
  brussels.spanish_language: "Бруселас"
  cairo.spanish_language: "Ель-Кайро"
  calais.spanish_language: "Калес"
  calamari.spanish_language: "Картахена-де-Індіас"
  canterbury.spanish_language: "Канторбері"
  carcassonne.spanish_language: "Каркасона"
  cayacoa.spanish_language: "Санто-Домінго-де-Гусман"
  ccantumarcani.spanish_language: "Потосі"
  chambery.spanish_language: "Чамбері"
  cherbourg.spanish_language: "Чербурго"
  cholollan.spanish_language: "Чолула"
  cibao.spanish_language: "Санто-Томас-де-Ханіко"
  coblenz.spanish_language: "Кобленса"
  coburg.spanish_language: "Кобурго"
  cojutepeque.spanish_language: "Сан-Вісенте"
  cologne.spanish_language: "Колонія"
  constantine_ALG.spanish_language: "Константіна"
  cotui.spanish_language: "Ла-Мехорада-дель-Котуй"
  covilha.spanish_language: "Ковільян"
  cuauhchinanco.spanish_language: "Гуачінанго"
  dillingen.spanish_language: "Ділінга"
  dortmund.spanish_language: "Тремонія"
  dover.spanish_language: "Дубрес"
  dresden.spanish_language: "Дресда"
  dubrovnik.spanish_language: "Рагуса"
  dunkirk.spanish_language: "Дюнкерке"
  east_falkland.spanish_language: "Ісла-Соледад"
  edinburgh.spanish_language: "Едімбурго"
  el_tor.spanish_language: "Ель-Тор"
  emden.spanish_language: "Емда"
  erfurt.spanish_language: "Ерфурт"
  esztergom.spanish_language: "Естрігонія"
  flensburg.spanish_language: "Фленсбурго"
  florence.spanish_language: "Флоренсія"
  frankfurt.spanish_language: "Франкфорт-дель-Мено"
  freiburg.spanish_language: "Фрібурго-де-Брісговія"
  freising.spanish_language: "Фрісінга"
  geldern.spanish_language: "Гуельдорес"
  genoa.spanish_language: "Хенова"
  ghent.spanish_language: "Ганте"
  gottingen.spanish_language: "Готінга"
  groningen.spanish_language: "Гронінга"
  guacayakima.spanish_language: "Сальватерра-де-ла-Сабана"
  guaxenicos.spanish_language: "Сомотильо"
  guaynabo.spanish_language: "Сан-Хуан"
  guaynia.spanish_language: "Гуайнія"
  gunzburg.spanish_language: "Гунсбурго"
  habana.spanish_language: "Сан-Крістобаль-де-ла-Абана"
  hamburg.spanish_language: "Амбурго"
  helsingor.spanish_language: "Ельсінор"
  hertogenbosch.spanish_language: "Больдуке"
  hicayagua.spanish_language: "Санта-Крус-де-Ікайягуа"
  hipalan.spanish_language: "Сан-Себастьян-де-ла-Гомера"
  huexotzinco.spanish_language: "Уехоцинго"
  ifni.spanish_language: "Санта-Крус-де-ла-Мар-Пекена"
  ifrane.spanish_language: "Іфран"
  iguamuco.spanish_language: "Ларес-де-Гуааба"
  ineseno.spanish_language: "Сан-Луїс-Обіспо"
  ixtapan.spanish_language: "Істапа"
  jaragua.spanish_language: "Санта-Марія-дель-Пуерто-де-ла-Харагуа"
  kairouan.spanish_language: "Кайруан"
  kassel.spanish_language: "Кассель"
  khenifra.spanish_language: "Хеніфра"
  kleve.spanish_language: "Клеверіс"
  konstanz.spanish_language: "Констанса"
  kortriik.spanish_language: "Кортріке"
  ksar_el_kebir.spanish_language: "Алькасаркибір"
  kukamonga.spanish_language: "Сан-Хуан-Капістрано"
  kumeyaay.spanish_language: "Сан-Дієго-де-Алькала"
  la_mamora.spanish_language: "Ла-Мамора"
  la_rochelle.spanish_language: "Ла-Рочела"
  larache.spanish_language: "Лараче"
  lauenburg.spanish_language: "Лауембурго"
  leeuwarden.spanish_language: "Леуварда"
  leiden.spanish_language: "Лейда"
  leipzig.spanish_language: "Ліпсія"
  leiria.spanish_language: "Лейрія"
  leuven.spanish_language: "Ловайна"
  liege.spanish_language: "Льєха"
  lille.spanish_language: "Ліла"
  limassol.spanish_language: "Лімасоль"
  limbourg.spanish_language: "Лімбурго"
  livorno.spanish_language: "Льорна"
  llacsapallanca.spanish_language: "Вілья-Ріка-де-Оропеса"
  lliria.spanish_language: "Лірія"
  london.spanish_language: "Лондрес"
  lubeck.spanish_language: "Лубека"
  luneburg.spanish_language: "Лунебурго"
  luxembourg.spanish_language: "Люксембурго"
  lyon.spanish_language: "Леон-де-Франсія"
  maastricht.spanish_language: "Мастріке"
  magdeburg.spanish_language: "Магдебурго"
  magorix.spanish_language: "Сан-Фернандо-де-Монте-Крісті"
  maguana.spanish_language: "Сан-Хуан-де-ла-Магуана"
  mainz.spanish_language: "Магунсія"
  manchester.spanish_language: "Манчестер"
  manso.spanish_language: "Ель-Пасо-дель-Норте"
  mantova.spanish_language: "Мантуа"
  marburg.spanish_language: "Марбурго"
  marien.spanish_language: "Пуерто-Реаль"
  marrakesh.spanish_language: "Марруекос"
  marseille.spanish_language: "Марселья"
  maxorata.spanish_language: "Бетанкурія"
  mayaca.spanish_language: "Сан-Агустін"
  mazaghan.spanish_language: "Масаган"
  mechelen.spanish_language: "Малінас"
  meknes.spanish_language: "Мекінес"
  messina.spanish_language: "Мессіна"
  middelburg.spanish_language: "Мідельбурго"
  milano.spanish_language: "Мілан"
  miranda_de_i_douro.spanish_language: "Міранда-де-Дуеро"
  mo_o_ti.spanish_language: "Гуанахуато"
  moca.spanish_language: "Консепсьон-де-ла-Вега"
  modena.spanish_language: "Модена"
  munich.spanish_language: "Монако-де-Баварія"
  munster.spanish_language: "Муньїсте"
  mutsun.spanish_language: "Сан-Карлос-Борромео-де-Кармело"
  naples.spanish_language: "Наполес"
  narbonne.spanish_language: "Нарбона"
  naumburg.spanish_language: "Наумбурго"
  neubrandenburg.spanish_language: "Нуево-Бранденбурго"
  nice.spanish_language: "Ніса"
  nijmegen.spanish_language: "Німега"
  nimes.spanish_language: "Німес"
  nivelles.spanish_language: "Нівелляс"
  nonualco.spanish_language: "Сантьяго-Нонуалько"
  nuremberg.spanish_language: "Нюремберга"
  oldenburg.spanish_language: "Ольденбурго"
  ometepec.spanish_language: "Асою"
  oran.spanish_language: "Оран"
  orleans.spanish_language: "Орлеанс"
  ostend.spanish_language: "Остенде"
  ouarzazate.spanish_language: "Уарзасат"
  ouezzane.spanish_language: "Уессан"
  oujda.spanish_language: "Ушда"
  pachyohcan.spanish_language: "Пачука-де-Сото"
  padova.spanish_language: "Падуа"
  paris.spanish_language: "Париж"
  pavia.spanish_language: "Павія"
  perpignan.spanish_language: "Перпіньян"
  perugia.spanish_language: "Перуса"
  piacenza.spanish_language: "Пласенсія"
  poctlan.spanish_language: "Путла"
  porto.spanish_language: "Опорто"
  puigcerda.spanish_language: "Пуїгсерда"
  ratzeburg.spanish_language: "Рацебурго"
  regensburg.spanish_language: "Ратісбона"
  roermond.spanish_language: "Руремунда"
  rome.spanish_language: "Рома"
  rottenburg.spanish_language: "Ротембурго-дель-Некар"
  rotterdam.spanish_language: "Роттердам"
  rouen.spanish_language: "Руан"
  saarbrucken.spanish_language: "Сарребрук"
  saint_jean_pied_de_port.spanish_language: "Сан-Хуан-П'є-де-Порто"
  saint_quentin.spanish_language: "Сан-Квінтін"
  salzburg.spanish_language: "Сальсбурго"
  samana.spanish_language: "Санта-Барбара-де-Самана"
  santarem.spanish_language: "Сантарен"
  sauveterre_de_guyenne.spanish_language: "Сальватерра-де-Гуєна"
  schmalkalden.spanish_language: "Есмалькальда"
  sefrou.spanish_language: "Сефру"
  shiewhibak.spanish_language: "Альбукерке"
  sigmaringen.spanish_language: "Сіґмарінґа"
  sint_niklaas.spanish_language: "Сан-Ніколас-де-Фландес"
  syracuse.spanish_language: "Сіракуза"
  sousse.spanish_language: "Суса"
  speyer.spanish_language: "Еспіра"
  strasbourg.spanish_language: "Естрасбурго"
  suez.spanish_language: "Суес"
  tamaraceite.spanish_language: "Лас-Пальмас-де-Гран-Канарія"
  tangier.spanish_language: "Танжер"
  tarascon.spanish_language: "Тараскон"
  taroudant.spanish_language: "Таруданте"
  tecklenburg.spanish_language: "Теклембурго"
  tedote.spanish_language: "Санта-Крус-де-ла-Пальма"
  tehotihuacan.spanish_language: "Сан-Хуан-Теотіуакан"
  temsamane.spanish_language: "Тенсаман"
  tenochtitlan.spanish_language: "Мехіко"
  teotenanco.spanish_language: "Теотенанго"
  tepotahal.spanish_language: "Сан-Антоніо-де-Падуа"
  tetouan.spanish_language: "Тетуан"
  than_u_ge.spanish_language: "Ла-Вілья-Реаль-де-ла-Санта-Фе-де-Сан-Франсіско-де-Асіс"
  the_hague.spanish_language: "Ла-Ая"
  tillantonco.spanish_language: "Тілатонго"
  timucua.spanish_language: "Сан-Матео"
  tindouf.spanish_language: "Тіндуф"
  tlaxomulco.spanish_language: "Тлахомулько"
  tlemcen.spanish_language: "Тремесен"
  toulon.spanish_language: "Толон"
  toulouse.spanish_language: "Толоса-де-Лангедок"
  trier.spanish_language: "Треверіс"
  tubingen.spanish_language: "Тубінґа"
  tunis.spanish_language: "Тунес"
  turin.spanish_language: "Турин"
  uberlingen.spanish_language: "Уберлінґа"
  ulm.spanish_language: "Ульма"
  urfa.spanish_language: "Едеса"
  utrecht.spanish_language: "Утреке"
  valenca.spanish_language: "Валенсія-дель-Міньо"
  valence.spanish_language: "Валенсія-де-Франсія"
  valenciennes.spanish_language: "Валенсьяна"
  venice.spanish_language: "Венесія"
  verdun_sur_garonne.spanish_language: "Вердун-де-Гарона"
  verdun.spanish_language: "Вердун"
  viana_do_castelo.spanish_language: "Віана-дель-Кастільо"
  vienna.spanish_language: "Відень"
  vila_real.spanish_language: "Вільяреаль"
  vila_vicosa.spanish_language: "Вільявисьоса"
  villefranche.spanish_language: "Вільяфранка-де-Руерґе"
  viseu.spanish_language: "Вісео"
  west_falkland.spanish_language: "Ґран-Мальвіна"
  wurzburg.spanish_language: "Вурсбурґо"
  xalacinco.spanish_language: "Халасінґо"
  xamapan.spanish_language: "Веракрус"
  xicallanco.spanish_language: "Шікаланґо"
  yaanga.spanish_language: "Нуестра-Сеньора-ла-Рейна-де-лос-Анхелес-дель-Ріо-де-Порсіункула"
  yaguana.spanish_language: "Санта-Марія-де-ла-Яґуана"
  yamasa.spanish_language: "Ла-Буенавентура"
  yanaguana.spanish_language: "Сан-Антоніо-де-Бехар"
  yaqui.spanish_language: "Сантьяго-де-лос-Кабальєрос"
  yaquimo.spanish_language: "Вільянуева-де-Якімо"
  yerevan.spanish_language: "Єреван"
  ypres.spanish_language: "Іпр"
  yuma.spanish_language: "Сальвалеон-де-Іґуей"
  zacatollan.spanish_language: "Сакатула"
  zadar.spanish_language: "Хара"
  zain.spanish_language: "Сакатекас"
  zaragoza.spanish_language: "Сарагоса"
  zinacantan.spanish_language: "Сьюдад-Реаль"
  zweibrucken.spanish_language: "Дос-Пуентес"
