l_russian:
  ngono_area: "Нгоно"
  egaso_ngiro_area: "Евасо-Нгіро"
  igombe_area: "Іґомбе"
  malawi_area: "Малавійський рифт"
  rift_valley_area: "Рифтова долина"
  victoria_area: "Озеро Вікторія"
  central_ethiopia_area: "Центральна Ефіопія"
  northern_ethiopia_area: "Північна Ефіопія"
  southern_ethiopia_area: "Південна Ефіопія"
  butana_area: "Бутана"
  darfur_area: "Дарфур"
  equatoria_area: "Екваторія"
  nubia_proper_area: "Нубія"
  inner_somalia_area: "Внутрішнє Сомалі"
  northern_somalia_area: "Північне Сомалі"
  southern_somalia_area: "Південне Сомалі"
  east_african_island_area: "Східноафриканські острови"
  east_madagascar_area: "Східний Мадагаскар"
  malagasy_highlands_area: "Малагасійське нагір'я"
  north_madagascar_area: "Північний Мадагаскар"
  west_madagascar_area: "Західний Мадагаскар"
  mozambique_area: "Мозамбік"
  rufiji_area: "Руфіджі"
  ruvuma_lurio_area: "Рувума-Луріо"
  tana_area: "Тана"
  wami_area: "Вамі"
  lower_egypt_area: "Нижній Єгипет"
  upper_egypt_area: "Верхній Єгипет"
  sinai_area: "Синай"
  cyrenaica_area: "Киренаїка"
  algiers_area: "Аль-Маґріб аль-Авсат"
  atlas_high_plateau: "Атлаське високе плато"
  desert_area: "Сахарські оазиси"
  macaronesia_area: "Макаронезія"
  macaronesia_area_ADJ: "Макаронезійський"
  morocco_area: "Аль-Маґріб аль-Акса"
  sus_area: "$sus_province$"
  tripolitania_area: "Триполі"
  tunis_area: "Аль-Маґріб аль-Адна"
  southern_africa_islands_area: "Південноафриканські острови"
  goringhaikona_area: "Ґорінґайкона"
  umgungundlovu_area: "Умгунґундлову"
  tzaneen_area: "Цанен"
  thaba_bosiu_area: "Таба-Босіу"
  karoo_area: "Кару"
  kalahari_area: "Калахарі"
  okavango_area: "Окаванґо"
  namib_area: "Наміб"
  cape_area: "Мис Доброї Надії"
  limpopo_area: "Лімпопо"
  zambezi_area: "Замбезі"
  save_area: "Саве"
  adamawa_area: "Адамава"
  air_area: "Аїр"
  bornu_area: "Борну"
  east_mossi_area: "Східне Моссі"
  gao_area: "Гао"
  ghana_area: "Гана"
  kanem_area: "Канем"
  logone_area: "Логон"
  mali_area: "Малі"
  north_hausa_area: "Північний Хаусаленд"
  south_hausa_area: "Південний Хаусаленд"
  timbuktu_area: "Тімбукту"
  wadai_area: "Вадаї"
  west_mossi_area: "Західне Моссі"
  western_sahara_area: "Західна Сахара"
  zarma_area: "Зарма"
  akan_area: "Акан"
  benin_area: "Бенін"
  cameroon_highlands_area: "Камерунське нагір'я"
  cape_verde_area: "Острови Зеленого Мису"
  futa_tooro_area: "Фута Торо"
  gambia_area: "Гамбія"
  gold_coast_area: "Золотий Берег"
  gulf_of_guinea_area: "Гвінейська затока"
  gur_area: "Гур"
  jolof_area: "Джолоф"
  kong_area: "Конґ"
  kru_area: "Кру"
  lower_niger_area: "Нижній Нігер"
  south_manding_area: "Південний Мандинґ"
  upper_guinea_area: "Верхня Гвінея"
  west_africa_coastline: "Узбережжя Західної Африки"
  yoruba_area: "Йоруба"
  north_gabun_area: "Північний Ґабон"
  south_gabun_area: "Південний Ґабон"
  west_kongo_area: "Західне Конґо"
  kongo_area: "Конґо"
  south_kongo_area: "Південне Конґо"
  west_lunda_area: "Західна Лунда"
  viye_area: "Війє"
  maligo_area: "Маліґо"
  east_lunda_area: "Східна Лунда"
  moshiko_area: "Мошіко"
  kasongo_area: "Касонґо"
  east_kongo_area: "Східне Конґо"
  central_africa_area: "Центральна Африка"
  greenland_area: "Ґренландія"
  greenland_sea_area: "Ґренландське море"
  icelandic_coast_area: "Ісландське узбережжя"
  northern_isles_sea_area: "Море Північних островів"
  quebec_area: "Квебек"
  laurentian_area: "Лаврентиди"
  lower_canada_area: "Нижня Канада"
  jamesie_area: "Східна затока Джеймс"
  nunavik_area: "Нунавік"
  labrador_area: "Лабрадор"
  newfoundland_area: "Ньюфаундленд"
  prince_edward_island_area: "Острів Принца Едуарда"
  acadia_area: "Акадія"
  new_brunswick_area: "Нью-Брансвік"
  eastern_ontario_area: "Східне Онтаріо"
  western_ontario_area: "Західне Онтаріо"
  northern_ontario_area: "Північне Онтаріо"
  northwestern_ontario_area: "Північно-Західне Онтаріо"
  greenstone_belt_area: "Нагір'я Абітібі"
  keewatin_area: "Ківатін"
  james_bay_lowlands_area: "Західна затока Джеймс"
  gulf_of_saint_lawrence_area: "Затока Святого Лаврентія"
  canadian_atlantic_coast_area: "Атлантичне узбережжя Канади"
  labrador_sea_area: "Лабрадорське море"
  hudson_bay_coast_area: "Узбережжя Гудзонової затоки"
  western_greenland_sea_zones_area: "Західно-Ґренландське море"
  eastern_greenland_sea_area: "Східно-Ґренландське море"
  hudson_bay_sea_zones_area: "Гудзонова затока"
  lousiana_sea_zones_area: "Луїзіанське море"
  great_lakes_sea_zones_area: "Великі озера"
  cuba_area: "Куба"
  hispaniola_area: "Гаїті"
  lesser_antilles_area: "Малі Антильські острови"
  panama_area: "Панама"
  massachusetts_area: "Массачусетс"
  southern_new_england_area: "Південна Нова Англія"
  vermont_area: "Вермонт"
  new_hampshire_area: "Нью-Гемпшир"
  maine_area: "Мен"
  hudson_area: "Гудзон"
  haudenosaunee_area: "Гауденосауні"
  new_jersey_area: "Нью-Джерсі"
  pennsylvania_area: "Пенсильванія"
  westsylvania_area: "Аллеґани"
  maryland_area: "Меріленд"
  virginia_area: "Вірджинія"
  west_virginia_area: "Західна Вірджинія"
  north_carolina_area: "Північна Кароліна"
  south_carolina_area: "Південна Кароліна"
  georgia_us_area: "Джорджія"
  florida_area: "Флорида"
  tennessee_area: "Теннессі"
  kentucky_area: "Кентуккі"
  ohio_area: "Огайо"
  indiana_area: "Індіана"
  michigan_area: "Мічиган"
  illinois_area: "Іллінойс"
  wisconsin_area: "Вісконсин"
  alabama_area: "Алабама"
  mississippi_area: "Міссісіпі"
  louisiana_area: "Луїзіана"
  arkansas_area: "Арканзас"
  missouri_area: "Міссурі"
  iowa_area: "Айова"
  minnesota_area: "Міннесота"
  superior_area: "Озеро Верхнє"
  north_dakota_area: "Північна Дакота"
  south_dakota_area: "Південна Дакота"
  central_plains_area: "Центральні Великі рівнини"
  natahende_area: "Натахенде"
  high_plains_area: "Високі рівнини"
  badlands_area: "Вайомінг"
  upper_missouri_area: "Верхній Міссурі"
  athabasca_area: "Атабаска"
  saskatchewan_area: "Саскачеван"
  keewatin_n_area: "Північний Ківатін"
  red_river_area: "Червона річка"
  mascarene_islands_area: "Маскаренські острови"
  mexihko_area: "Мешіко"
  tlaxcala_area: "Тласкала"
  puebla_area: "Пуебла"
  guanajuato_area: "Ґуанахуато"
  oaxaca_area: "Оахака"
  veracruz_area: "Веракрус"
  huaxyacac_area: "Уашьякак"
  tochtepec_area: "Точтепек"
  michoacan_area: "Мічоакан"
  xilotepec_area: "Хілотепек"
  xalisco_area: "Халіско"
  aridoamerica_sea_zones_area: "Аридоамериканське море"
  janeiro_area: "Жанейро"
  mayaab_area: "Маяаб"
  chilapan_area: "Чілапан"
  puuk_area: "Пуук"
  chactemal_area: "Чактемаль"
  mesoamerica_sea_zones_area: "Мезоамериканське море"
  central_america_sea_zones_area: "Центральноамериканське море"
  peten_area: "Пете́н"
  tezulutlan_area: "Тесулутлан"
  kuskatan_area: "Кускатан"
  imabite_area: "Імабіте"
  nekokiaw_area: "Некокіав"
  zacatecas_area: "Тлакуітлапан"
  baja_area: "Нижня Каліфорнія"
  tahejoc_area: "Ґе-Каачк-Баашо"
  culiacan_area: "Кульякан"
  tamaulipeco_area: "Тамауліпеко"
  guachichil_area: "Ґуачічиль"
  texas_area: "Техас"
  shiewhibak_area: "Алі-Шон"
  northwest_coast_area: "Північно-західне узбережжя"
  western_arctic_area: "Західна Арктика"
  alaxsxaq_area: "Алахсхах"
  yukon_area: "Юкон"
  alaska_sea_zones_area: "Аляскинське море"
  columbia_interior_area: "Внутрішня Колумбія"
  california_area: "Верхня Каліфорнія"
  great_basin_area: "Великий Басейн"
  rockies_area: "Скелясті гори"
  hawaii_area: "Гаваї"
  hawaii_sea_area: "Гавайське море"
  cascadia_area: "Каскадія"
  cascadia_sea_zones_area: "Західне узбережжя Америки"
  amazon_area: "Амазонка"
  tocantins_area: "Токантінс"
  mearim_area: "Меарін"
  paranaiba_area: "Паранаїба"
  jaguaribe_area: "Жаґуарібе"
  parapitinga_area: "Парапітінґа"
  pindorama_area: "Пі́ндора́ма"
  parana_area: "Парана"
  paraguay_area: "Параґвай"
  guapore_area: "Ґуапоре"
  uruguay_area: "Уруґвай"
  bogota_area: "Богота"
  andes_area: "Анди"
  quitu_area: "Кіту"
  chala_area: "Чала"
  atacama_area: "Атакама"
  cuyo_area: "Куйо"
  yunga_area: "Юнга"
  puna_area: "Пуна"
  qullaw_area: "Кольяо"
  acamama_area: "Акамама"
  suni_area: "Суні"
  rupa_rupa_area: "Рупа-Рупа"
  galapagos_area: "Галапагоси"
  andes_sea_zones_area: "Андське море"
  chaco_area: "Чако"
  la_plata_area: "Ла-Плата"
  ngulumapu_area: "Нґулумапу"
  juan_fernandez_area: "Хуан-Фернандес"
  mamore_area: "Маморе"
  paranena_area: "Параненья"
  ayoreo_area: "Айорео"
  moqoit_area: "Мокойт"
  pampa_area: "Пампа"
  puelmapu_area: "Пуельмапу"
  patagonia_area: "Патагонія"
  falklands_area: "Фолклендські острови"
  south_georgia_area: "Південна Джорджія"
  rapa_nui_area: "Рапануї"
  badakhshan_area: "Бадахшан"
  desht_kipchak_area: "Дешт-і-Кипчак"
  eastern_khorasan_area: "Східний Хорасан"
  khwarazm_area: "Хорезм"
  transoxiana_area: "Мавераннахр"
  western_khorasan_area: "Західний Хорасан"
  zhetysu_area: "Жетису"
  caspian_sea_area: "Каспійське море"
  fujian_area: "Фуцзянь"
  hunan_area: "Хунань"
  wuling_area: "Улін"
  hubei_area: "Хубей"
  jiangxi_area: "Цзянсі"
  jiangnan_area: "Цзяннань"
  huaidong_area: "Хуайдун"
  huaixi_area: "Хуайсі"
  taiwan_area: "Тайвань"
  zhejiang_area: "Чжецзян"
  east_china_coastline: "Східне узбережжя Китаю"
  ezo_area: "Едзо"
  hokurikudou_area: "Хокурікудо"
  kinai_area: "Кінай"
  nankaidou_area: "Нанкайдо"
  saikaidou_area: "Сайкайдо"
  sanindou_area: "Сан'їндо"
  sanyoudou_area: "Сан'йодо"
  ou_area: "Оу"
  toukaidou_area: "Токайдо"
  tousandou_area: "Тосандо"
  ryuukyuu_area: "Рюкю"
  japan_coastline: "Узбережжя Японії"
  sea_of_japan_area: "Японське море"
  ryuukyuu_sea_area: "Рюкюське море"
  ezo_sea: "Едзомор'я"
  gwanseo_area: "Квансо"
  gwandong_area: "Квандон"
  yeongnam_area: "Йоннам"
  gyeonggi_area: "Кьонґідо"
  honam_area: "Хонам"
  haeseo_area: "Хесо"
  hoseo_area: "Хосо"
  gwanbuk_area: "Кванбук"
  korea_western_coastline: "Західне узбережжя Кореї"
  korea_eastern_coastline: "Східне узбережжя Кореї"
  liaodong_area: "Ляодун"
  lower_amur_area: "Нижні Амуру"
  middle_amur_area: "Середній Амур"
  songhua_area: "Сунгарі"
  songnen_area: "Суннен"
  ussuri_area: "Уссурі"
  manchuria_coastline: "Маньчжурське узбережжя"
  argun_area: "Арґун"
  eastern_gobi_area: "Східна Ґобі"
  lower_selenga_area: "Нижня Селенґа"
  mongolian_great_lakes_area: "Монгольські Великі озера"
  shilkari_area: "Шилкарі"
  southern_gobi_area: "Південна Ґобі"
  tuva_area: "Тува"
  upper_selenga_area: "Верхня Селенґа"
  western_gobi_area: "Західна Ґобі"
  beiping_area: "Бейпін"
  yannan_area: "Яньнань"
  yanbei_area: "Яньбей"
  hebei_area: "Хебей"
  henan_area: "Хенань"
  haiyou_area: "Хайю"
  shandong_area: "Шаньдун"
  datong_area: "Датун"
  shanxi_area: "Шаньсі"
  north_china_coastline: "Північне узбережжя Китаю"
  haibei_hainan_area: "Хайбей-Хайнань"
  guangdong_area: "Гуандун"
  liangjiang_area: "Лянцзян"
  guangxi_area: "Гуансі"
  guizhou_area: "Ґуйчжоу"
  dali_area: "Далі"
  yunnan_area: "Юньнань"
  south_china_coastline: "Південне узбережжя Китаю"
  amdo_area: "Амдо"
  changtang_area: "Чангтанґ"
  kham_area: "Кхам"
  ngari_area: "Нґарі"
  tsang_area: "Цанґ"
  u_area: "У"
  gansu_area: "Ґаньсу"
  hexi_area: "Хесі"
  longyou_area: "Лун'ю"
  shaanxi_area: "Шеньсі"
  chuandong_area: "Чуаньдун"
  chuannan_area: "Чуаньнань"
  chuanxi_area: "Чуаньсі"
  dzungaria_area: "Джунгарія"
  tarim_area: "Тарим"
  armenian_highlands_area: "Вірменське нагір'я"
  cappadocia_area: "Каппадокія"
  central_anatolia_area: "Центральна Анатолія"
  cilicia_area: "Кілікія"
  marmara_area: "Мармара"
  pontus_area: "Понт"
  west_anatolia_area: "Західна Анатолія"
  bahrein_area: "Бахрейн"
  hedjaz_area: "Хіджаз"
  najd_area: "Неджд"
  oman_area: "Оман"
  hail_area: "Аль-Хаїль"
  north_yemen_area: "Північний Ємен"
  south_yemen_area: "Південний Ємен"
  arabian_area: "Аравійське море"
  red_sea_area: "Червоне море"
  iraq_arabi_area: "Арабський Ірак"
  jazira_area: "Джазіра"
  levant_area: "Левант"
  azerbaijan_area: "Азербайджан"
  baluchistan_area: "Белуджистан"
  fars_area: "Фарс"
  iraq_ajam_area: "Перський Ірак"
  kerman_area: "Керман"
  khuzestan_area: "Хузестан та Лурістан"
  kordestan_area: "Курдистан"
  mazandaran_area: "Мазендеран"
  quhestan_area: "Кохістан"
  sistan_area: "Сістан"
  oman_sea_zones_area: "Оманська затока"
  bengal_sea_zones_area: "Бенгальська затока"
  western_india_sea_zones_area: "Західно-Індійське море"
  deccan_sea_zones_area: "Деканське море"
  chimgi_tura_area: "Чинґі-Тура"
  qashliq_area: "Кашлик"
  irkutsk_area: "Іркутськ"
  surgut_area: "Сургут"
  mangazeya_area: "Манґазея"
  tomsk_area: "Томськ"
  omsk_area: "Омськ"
  kulykol_area: "Куликоль"
  bursol_area: "Бурсоль"
  suzun_area: "Сузун"
  kansk_area: "Канськ"
  bratsk_area: "Братськ"
  angara_area: "Анґара"
  vitim_area: "Вітім"
  anabyr_area: "Анабир"
  yenisei_area: "Єнісей"
  chukchee_area: "Чукотка"
  anadyr_area: "Анадир"
  kamchatka_area: "Камчатка"
  chuvan_area: "Чуван"
  kolyma_area: "Колима"
  yandin_area: "Яндин"
  indigirka_area: "Індигірка"
  okhotsk_coast_area: "Узбережжя Охотського моря"
  east_stanovoi_area: "Східний Становий хребет"
  west_stanovoi_area: "Західний Становий хребет"
  amga_area: "Амга"
  yakutia_area: "Якутія"
  lower_lena_area: "Нижня Лена"
  middle_lena_area: "Середня Лена"
  upper_lena_area: "Верхня Лена"
  onoid_area: "Оноїнд"
  laptev_coast_area: "Узбережжя Моря Лаптєвих"
  siberian_lakes_area: "Сибірські озера"
  yakutsk_sea_area: "Якутське море"
  assam_area: "Ассам"
  bengal_area: "Бенгалія"
  hill_area: "Гори Зо"
  jharkhand_area: "Джаркханд"
  mithila_area: "Мітгіла та Маґадг"
  monyul_area: "Мон'юл"
  nepal_area: "Непал"
  chota_nagpur_area: "Чхота-Наґпур"
  orissa_area: "Орісса"
  andhra_area: "Андхра"
  awadh_area: "Ауд"
  bhojpur_area: "Бходжпур"
  gondwana_area: "Ґондвана"
  karnakassala_area: "Карнакассала"
  konkan_area: "Конкан"
  sailan_area: "Сайлан"
  maharashtra_area: "Махараштра"
  malabar_area: "Малабар"
  rokhilkhand_area: "Рогілкханд"
  tamil_land_area: "Тамілнад"
  telingana_area: "Телінґана"
  vidarbha_area: "Відaрбха"
  maldives_area: "Мальдіви"
  gujarat_area: "Ґуджарат"
  malwa_area: "Мальва"
  rajputana_area: "Раджпутана"
  saurashtra_area: "Саураштра"
  upper_indus_area: "Верхній Інд"
  sindh_area: "Сінд"
  doab_area: "Доа́б"
  punjab_area: "Пенджаб"
  arakhan_area: "Аракан"
  champa_area: "Чампа"
  chao_phraya_area: "Чаупхрая"
  irrawady_area: "Іраваді"
  irrawady_delta_area: "Дельта Іраваді"
  kachin_area: "Качин"
  khorat_plateau_area: "Плато Корат"
  lower_mekong_area: "Нижній Меконг"
  malay_peninsula_area: "Малайський півострів"
  northern_tai_highland_area: "Північно-Таїландське нагір'я"
  red_river_delta_area: "Дельта Червоної річки"
  shan_highland_area: "Шанське нагір'я"
  southeast_asian_coasts_area: "Південно-Східноазійське узбережжя"
  north_borneo_area: "Північне Борнео"
  south_borneo_area: "Південне Борнео"
  celebes_area: "Сулавесі"
  java_area: "Ява"
  lesser_sunda_area: "Мала Сунда"
  moluccas_area: "Молуккські острови"
  luzon_area: "Лусон"
  visayas_area: "Вісаї"
  mindanao_area: "Мінданао"
  north_sumatra_area: "Північна Суматра"
  south_sumatra_area: "Південна Суматра"
  indonesia_coasts_area: "Узбережжя Індонезії"
  aegean_archipelago_area: "Егейський архіпелаг"
  bosnia_area: "Боснія"
  bulgaria_area: "Болгарія"
  croatia_area: "Хорватія"
  macedonia_area: "Македонія"
  morea_area: "Морея"
  northern_greece_area: "Північна Греція"
  serbia_area: "Сербія"
  silistria_area: "Сілістрія"
  slavonia_area: "Славонія"
  slovenia_area: "Країна"
  thrace_area: "Фракія"
  north_alfold_area: "Північний Альфьольд"
  south_alfold_area: "Південний Альфьольд"
  transdanubia_area: "Задунайський край"
  moldavia_area: "Молдова"
  slovakia_area: "Словаччина"
  transylvania_area: "Трансільванія"
  wallachia_area: "Валахія"
  armenia_area: "Вірменія"
  georgia_area: "Грузія"
  northern_caucasus_area: "Північний Кавказ"
  shirvan_area: "Ширван"
  central_poland_area: "Центральна Польща"
  greater_poland_area: "Велика Польща"
  lesser_poland_area: "Мала Польща"
  lithuania_area: "Литва"
  mazovia_area: "Мазовія"
  prussia_area: "Пруссія"
  samogitia_area: "Жемайтія"
  moscow_area: "Москвовія"
  smolensk_area: "Смоленськ"
  oka_area: "Ока"
  sloboda_ukraine_area: "Слобожанщина"
  ryazan_area: "Рязань"
  west_novgorod_area: "Західна Новгородчина"
  east_novgorod_area: "Східна Новгородчина"
  tambov_area: "Тамбов"
  samara_area: "Самара"
  nizhny_novgorod_area: "Нижній Новгород"
  suzdal_area: "Суздаль"
  vladimir_area: "Володимир"
  tver_area: "Твер"
  yaroslavl_area: "Ярославль"
  beloozero_area: "Бєлоозеро"
  totma_area: "Тотма"
  black_ruthenia_area: "Чорна Русь"
  left_bank_ukraine_area: "Лівобережна Україна"
  podolia_area: "Поділля"
  polesia_area: "Полісся"
  red_ruthenia_area: "Червона Русь"
  right_bank_ukraine_area: "Правобережна Україна"
  severia_area: "Сіверщина"
  volhynia_area: "Волинь"
  white_ruthenia_area: "Біла Русь"
  crimea_area: "Крим"
  matrega_area: "Матреґа"
  yedisan_area: "Єдисан"
  zaporizhzhia_area: "Запоріжжя"
  pryazovia_area: "Приазов'я"
  azov_area: "Азов"
  lower_don_area: "Нижні Дону"
  astrakhan_area: "Астрахань"
  majar_area: "Маджар"
  lower_yik_area: "Нижній Їїк"
  samar_area: "Самар"
  kursk_area: "Курщина"
  kazan_area: "Казань"
  vyatka_area: "Вятка"
  bolghar_area: "Булгар"
  bashkiria_area: "Башкирія"
  karagay_area: "Карагай"
  perm_area: "Перм"
  ust_sysola_area: "Усть-Сисола"
  vorkuta_area: "Воркута"
  ural_area: "Урал"
  pomorye_area: "Помор'я"
  arkhangelsk_area: "Архангельськ"
  karelia_area: "Карелія"
  kola_area: "Кола"
  russian_coastline: "Російське узбережжя"
  alsace_area: "Ельзас"
  alsace_area_ADJ: "Ельзаський"
  anjou_area: "Анжу"
  anjou_area_ADJ: "Анжуйський"
  auvergne_area: "Овернь"
  brittany_area: "Бретань"
  brittany_area_ADJ: "Бретонський"
  burgundy_area: "Бурґундія"
  burgundy_area_ADJ: "Бурґундський"
  champagne_area: "Шампань"
  champagne_area_ADJ: "Шампанський"
  franche_comte_area: "Франш-Конте"
  franche_comte_area_ADJ: "Франко-контійський"
  gascony_area: "Ґасконь"
  gascony_area_ADJ: "Ґасконський"
  guyenne_area: "Ґієнь"
  guyenne_area_ADJ: "Ґієнський"
  ile_de_france_area: "Іль-де-Франс"
  ile_de_france_area_ADJ: "Франсійський"
  lorraine_area: "Лотарингія"
  lorraine_area_ADJ: "Лотарингський"
  lyonnais_area: "Ліонне"
  normandy_area: "Нормандія"
  normandy_area_ADJ: "Нормандський"
  orleanais_area: "Орлеан"
  orleanais_area_ADJ: "Орлеанський"
  picardy_area: "Пікардія"
  picardy_area_ADJ: "Пікардійський"
  poitou_area: "Пуату"
  poitou_area_ADJ: "Пуатевінський"
  provence_area: "Прованс"
  provence_area_ADJ: "Провансальський"
  savoy_area: "Савойя і Дофіне"
  savoy_area_ADJ: "Савойський"
  languedoc_area: "Лангедок"
  languedoc_area_ADJ: "Лангедокський"
  east_anglia_area: "Східна Англія"
  home_counties_area: "Центральні графства"
  midlands_area: "Мерсія"
  northumbria_area: "Нортумбрія"
  scottish_highlands_area: "Га́йленд"
  hebrides_area: "Гебриди"
  hebrides_area_ADJ: "Гебридський"
  scottish_lowlands_area: "Ланди"
  wales_area: "Уельс"
  northern_isles_area: "Північні острови"
  west_country_area: "Вест-Кантрі"
  andalusia_area: "Андалусія"
  andalusia_area_ADJ: "Андалуський"
  aragon_area: "Арагон"
  aragon_area_ADJ: "Арагонський"
  balearics_area: "Балеарські острови"
  balearics_area_ADJ: "Балеарський"
  castile_area: "Кастилія"
  castile_area_ADJ: "Кастильський"
  catalonia_area: "Каталонія"
  catalonia_area_ADJ: "Каталонський"
  granada_area: "Ґранада"
  granada_area_ADJ: "Ґранадський"
  extremadura_area: "Естремадура"
  extremadura_area_ADJ: "Естремадурський"
  galicia_area: "Ґалісія"
  galicia_area_ADJ: "Ґалісійський"
  leon_area: "Леон"
  leon_area_ADJ: "Леонський"
  murcia_area: "Мурсія"
  navarre_area: "Наварра"
  navarre_area_ADJ: "Наваррський"
  north_portugal_area: "Північна Португалія"
  north_portugal_area_ADJ: "Північнопортугальський"
  south_portugal_area: "Південна Португалія"
  south_portugal_area_ADJ: "Південнопортугальський"
  toledo_area: "Толедо"
  toledo_area_ADJ: "Толедський"
  valencia_area: "Валенсія"
  valencia_area_ADJ: "Валенсійський"
  connaught_area: "Коннахт"
  leinster_area: "Ленстер"
  munster_area: "Манстер"
  ulster_area: "Ольстер"
  abruzzo_area: "Абруцці"
  apulia_area: "Апулія"
  basilicata_area: "Базиліката і Калабрія"
  campania_area: "Кампанія і Прінчипато"
  emilia_area: "Емілія і Романья"
  lazio_area: "Лаціо"
  liguria_area: "Ліґурія і Корсика"
  lombardy_area: "Ломбардія"
  marche_area: "Марке і Умбрія"
  piemonte_area: "П'ємонт"
  sardinia_area: "Сардинія"
  sicily_area: "Сицилія"
  tuscany_area: "Тоскана"
  veneto_area: "Венето і Фріулі"
  denmark_area: "Данія"
  gotaland_area: "Ґеталанд"
  iceland_area: "Ісландія"
  nord_norge_area: "Північна Норвегія"
  skaneland_area: "Сканія"
  svealand_area: "Свеаланд"
  syd_norge_area: "Південна Норвегія"
  scandinavian_sea_zones_area: "Скандинавське узбережжя"
  brabant_area: "Брабант"
  flanders_area: "Фландрія"
  friesland_area: "Фрисландія"
  holland_area: "Голландія"
  wallonia_area: "Валлонія"
  brandenburg_area: "Бранденбург"
  mecklenburg_area: "Мекленбург"
  austria_area: "Нижня Австрія"
  rhineland_area: "Рейнська область"
  hesse_area: "Гессен"
  westphalia_area: "Вестфалія"
  lower_saxony_area: "Нижня Саксонія"
  upper_saxony_area: "Верхня Саксонія"
  pomerania_area: "Померанія"
  holstein_area: "Гольштейн"
  upper_austria_area: "Верхня Австрія"
  salzburg_area: "Зальцбург"
  styria_area: "Штирія"
  carinthia_area: "Каринтія"
  central_switzerland_area: "Швейцарія"
  eastern_switzerland_area: "Реція"
  western_switzerland_area: "Романдія"
  bohemia_area: "Богемія"
  moravia_area: "Моравія"
  silesia_area: "Сілезія"
  upper_rhine_area: "Верхній Рейн"
  swabia_area: "Швабія"
  bavaria_area: "Баварія"
  franconia_area: "Франконія"
  tirol_area: "Тіроль і Трентіно"
  eastern_australia_area: "Східна Австралія"
  eastern_australia_sea_zones_area: "Східно-Австралійське море"
  micronesia_area: "Мікронезія"
  melanesia_area: "Меланезія"
  solomon_islands_area: "Соломонові острови"
  solomon_islands_coastal_sea_zones_area: "Прибережні води Соломонових островів"
  bismarck_area: "Бісмарк"
  momase_area: "Момасе"
  kerema_area: "Керема"
  milne_area: "Мілн"
  wanin_area: "Вані́н"
  papua_area: "Папуа"
  anim_ha_area: "Анім-Ха"
  papua_sea_zones_area: "Папуанське море"
  polynesia_area: "Полінезія"
  rekohu_area: "Рекоху"
  lord_howe_area: "Острів Лорд-Гау"
  norfolk_nz_area: "Острів Норфолк"
  motu_maha_area: "Моту-Маха"
  new_zealand_sea_zones_area: "Новозеландське море"
  rapa_nui_sea_zones_area: "Рапануйське море"
  papahanaumokuakea_area: "Папаханаумокуакеа"
  hawaii_sea_zones_area: "Гавайське море"
  aono_raina_area: "Аоно-Раїна"
  aono_raina_sea_zones_area: "Море Аоно-Раїна"
  kuki_airani_area: "Кукі-Аїрані"
  kuki_airani_sea_zones_area: "Море Кукі-Аїрані"
  tuhaa_pae_area: "Тубуаї"
  tuhaa_pae_sea_zones_area: "Тубуайське море"
  te_henua_enana_area: "Те-Хенуа-Енана"
  te_henua_enana_sea_zones_area: "Море Те-Хенуа-Енана"
  tuamotu_area: "Туамоту"
  raeffsky_area: "Тепото"
  palliser_area: "Палізер"
  tuamotu_sea_zones_area: "Туамотуанське море"
  totaiete_ma_area: "Тотаіете-Ма"
  totaiete_ma_sea_zones_area: "Море Тотаіете-Ма"
  pitcairn_area: "Піткерн"
  pitcairn_sea_zones_area: "Піткернське море"
  rawaki_area: "Равакі"
  rawaki_sea_zones_area: "Равакійське море"
  tokelau_area: "Токелау"
  tokelau_sea_zones_area: "Токелауанське море"
  niue_area: "Ніуе"
  niue_sea_zones_area: "Ніуенське море"
  tuvalu_area: "Тувалу"
  tuvalu_sea_zones_area: "Тувалуанське море"
  futuna_area: "Футуна"
  tonga_area: "Тонга"
  tonga_sea_zones_area: "Тонганське море"
  samoa_area: "Самоа"
  samoa_sea_zones_area: "Самоанське море"
  nanpo_area: "Нампо"
  nanpo_sea_zones_area: "Море Нампо"
  marianas_area: "Маріанські острови"
  marianas_sea_zones_area: "Маріанське море"
  ratak_area: "Ратак"
  ralik_area: "Ралік"
  majel_sea_zones_area: "Маджельське море"
  belau_area: "Белау"
  belau_sea_zones_area: "Белауанське море"
  chuuk_area: "Чуук"
  chuuk_sea_zones_area: "Чуукське море"
  tungaru_area: "Тунгару"
  tungaru_sea_zones_area: "Море Тунгару"
  tinputz_area: "Тінпутц"
  bougainville_area: "Буґенвіль"
  mu_ngava_area: "Му-Нґава"
  solomon_islands_sea_zones_area: "Море Соломонових островів"
  temotu_area: "Темоту"
  temotu_sea_zones_area: "Море Темоту"
  vanuatu_area: "Вануату"
  vanuatu_sea_zones_area: "Море Вануату"
  fiji_area: "Фіджі"
  fiji_sea_zones_area: "Фіджі́йське море"
  kanaky_area: "Кaна́ки"
  kanaky_sea_zones_area: "Кана́кське море"
  nauru_area: "Науру"
  nauru_sea_zones_area: "Науруанське море"
  atlantic_canada_area: "Атлантична Канада"
  black_sea_area: "Чорне море"
  caribbean_sea_area: "Карибське море"
  alboran_sea_area: "Альборанське море"
  tyrrhenian_sea: "Тірренське море"
  adriatic_sea_area: "Адріатичне море"
  ionian_sea_area: "Іонійське море"
  aegean_sea_area: "Егейське море"
  albania_area: "Албанія"
  levantine_sea_area: "Левантійське море"
  libyan_sea_area: "Лівійське море"
  central_mediterranean_sea_area: "Центральне Середземномор'я"
  iberian_west_coast_area: "Західно-Іберійське узбережжя"
  southeast_baltic_sea: "Південно-Східнобалтійське море"
  western_mediterranean_sea_area: "Західне Середземномор'я"
  atlantic_west_spitzbergen_area: "Атлантична Західно-Шпіцберґенська течія"
  atlantic_irminger_area: "Течія Ірмінґера"
  atlantic_labrador_area: "Лабрадорська течія"
  atlantic_gulf_stream_area: "Гольфстрім"
  atlantic_north_atlantic_current_area: "Північно-Атлантична течія"
  atlantic_azores_stream_area: "Азорська течія"
  azores_sea_area: "Азорське море"
  bay_of_biscay_area: "Біскайська затока"
  atlantic_north_equatorial_area: "Північна Атлантична пасатна течія"
  atlantic_equatorial_countercurrent_area: "Атлантична міжпасатна протитечія"
  atlantic_south_equatorial_area: "Південна Атлантична пасатна течія"
  atlantic_saint_helena_area: "Течія Святої Єлени"
  atlantic_saint_helena_sea_area: "Течія Святої Єлени"
  atlantic_south_area: "Південно-Атлантична течія"
  indian_horn_area: "Течія мису Горн"
  indian_andaman_area: "Андаманська течія"
  indian_monsoon_area: "Мусонна течія"
  indian_equatorial_countercurrent_area: "Індійська міжпасатна протитечія"
  indian_south_equatorial_area: "Південна Індійська пасатна течія"
  indian_south_area: "Південно-Індійська течія"
  indian_austral_area: "Австралійська течія"
  indian_north_agulhas_area: "Північна течія мису Агульяс"
  pacific_north_area: "Північно-Тихоокеанська течія"
  pacific_north_equatorial_area: "Північна Тихоокеанська пасатна течія"
  pacific_hawaii_area: "Гавайська течія"
  pacific_kuro_area: "Течія Куросіо"
  pacific_south_equatorial_area: "Південна Тихоокеанська пасатна течія"
  pacific_easter_equatorial_area: "Течія Східного острова Пасхи"
  pacific_equatorial_countercurrent_area: "Тихоокеанська міжпасатна протитечія"
  pacific_polynesia_area: "Полінезійська течія"
  pacific_south_area: "Південно-Тихоокеанська течія"
  pacific_tasmania_area: "Тасманійська течія"
  antarctic_ocean_area: "Південний Льодовитий океан"
  mozambique_channel_area: "Мозамбікська протока"
  cape_sea_zones: "Море Мису Доброї Надії"
  bengal_bay_area: "Бенгальська затока"
  timor_sea_area: "Тиморське море"
  tristan_da_cunha_area: "Острови Тристан-да-Кунья"
  tristan_da_cunha_sea_zones_area: "Море Тристан-да-Кунья"
  bouvet_area: "Буве"
  western_australia_high_sea_zones_area: "Західно-Австралійське море"
  northern_australia_high_sea_zones_area: "Північно-Австралійське море"
  eastern_australia_high_sea_zones_area: "Східно-Австралійське море"
  southern_australia_high_sea_zones_area: "Південно-Австралійське море"
  southwestern_australia_area: "Південно-Західна Австралія"
  northwestern_australia_area: "Північно-Західна Австралія"
  australian_northern_territory_area: "Північна Територія"
  australian_yalanji_area: "Яланьї"
  southeastern_australia_area: "Південно-Східна Австралія"
  south_australia_area: "Південна Австралія"
  bermuda_province: "Бермудські острови"
  bermuda_area: "Бермудські острови"
  gulf_of_mexico_area: "Мексиканська затока"
  west_greenland_sea_area: "Західне узбережжя Ґренландії"
  east_greenland_sea_area: "Східне узбережжя Ґренландії"
  coast_of_portugal_province: "Узбережжя Португалії"
  azores_province: "Азорські острови"
  madeira_province: "Мадейра"
  canary_island_coast: "Узбережжя Канарських островів"
  coast_of_morocco: "Марокканське узбережжя"
  sahel_coast_province: "Узбережжя Сахелю"
  bahamans_sea_zone: "Узбережжя Лукайського архіпелагу"
  atlantic_sea_area: "Саргасове море"
  madeira_sea_area: "Мадейрське море"
  azores_area: "Азорські острови"
  canary_islands_area: "Канарські острови"
  south_macaronesia_area: "Південна Макаронезія"
  nw_africa_coast_area: "Узбережжя Північно-Західної Африки"
