{
  "abruzzo_area": "Абруцци",
  "acadia_area": "Акадия",
  "acamama_area": "Акамама",
  "adamawa_area": "Адамава",
  "adriatic_sea_area": "Адриатическое море",
  "aegean_archipelago_area": "Эгейские острова",
  "aegean_sea_area": "Эгейское море",
  "air_area": "Аир",
  "akan_area": "Акан",
  "alabama_area": "Алабама",
  "alaska_sea_zones_area": "Аляскинское море",
  "alaxsxaq_area": "Алахсхах",
  "albania_area": "Албания",
  "alboran_sea_area": "Альборанское море",
  "algiers_area": "Аль-Магриб аль-Авсат",
  "alsace_area": "Эльзас",
  "alsace_area_ADJ": "Эльзасск",
  "amazon_area": "Амазонка",
  "amdo_area": "Амдо",
  "amga_area": "Амга",
  "anabyr_area": "Анабыр",
  "anadyr_area": "Анадырь",
  "andalusia_area": "Андалусия",
  "andalusia_area_ADJ": "Андалусск",
  "andes_area": "Анды",
  "andes_sea_zones_area": "Андское море",
  "andhra_area": "Андхра",
  "angara_area": "Ангара",
  "anim_ha_area": "Аним-Ха",
  "anjou_area": "Анжу",
  "anjou_area_ADJ": "Анжуйск",
  "antarctic_ocean_area": "Южный Ледовитый океан",
  "aono_raina_area": "Аоно-Раина",
  "aono_raina_sea_zones_area": "Море Аоно-Раина",
  "apulia_area": "Апулия",
  "arabian_area": "Аравийское море",
  "aragon_area": "Арагон",
  "aragon_area_ADJ": "Арагонск",
  "arakhan_area": "Аракан",
  "argun_area": "Аргун",
  "aridoamerica_sea_zones_area": "Аридоамериканское море",
  "arkansas_area": "Арканзас",
  "arkhangelsk_area": "Архангельск",
  "armenia_area": "Армения",
  "armenian_highlands_area": "Армянское нагорье",
  "assam_area": "Ассам",
  "astrakhan_area": "Астрахань",
  "atacama_area": "Атакама",
  "athabasca_area": "Атабаска",
  "atlantic_azores_stream_area": "Азорское течение",
  "atlantic_canada_area": "Атлантическая Канада",
  "atlantic_equatorial_countercurrent_area": "Атлантическое межпассатное противотечение",
  "atlantic_gulf_stream_area": "Гольфстрим",
  "atlantic_irminger_area": "Течение Ирмингера",
  "atlantic_labrador_area": "Лабрадорское течение",
  "atlantic_north_atlantic_current_area": "Северо-Атлантическое течение",
  "atlantic_north_equatorial_area": "Атлантическое северное пассатное течение",
  "atlantic_saint_helena_area": "Течение Святой Елены",
  "atlantic_saint_helena_sea_area": "Течение Святой Елены",
  "atlantic_sea_area": "Саргассово море",
  "atlantic_south_area": "Южно-Атлантическое течение",
  "atlantic_south_equatorial_area": "Атлантическое южное пассатное течение",
  "atlantic_west_spitzbergen_area": "Атлантическое Западно-Шпицбергенское течение",
  "atlas_high_plateau": "Атласское высокое плато",
  "australian_northern_territory_area": "Северная Территория",
  "australian_yalanji_area": "Яланьи",
  "austria_area": "Нижняя Австрия",
  "auvergne_area": "Овернь",
  "awadh_area": "Ауд",
  "ayoreo_area": "Айорео",
  "azerbaijan_area": "Азербайджан",
  "azores_area": "Азорские острова",
  "azores_province": "Азорские острова",
  "azores_sea_area": "Азорское море",
  "azov_area": "Азов",
  "badakhshan_area": "Бадахшан",
  "badlands_area": "Вайоминг",
  "bahamans_sea_zone": "Побережье Лукайского архипелага",
  "bahrein_area": "Бахрейн",
  "baja_area": "Нижняя Калифорния",
  "balearics_area": "Балеарские острова",
  "balearics_area_ADJ": "Балеарск",
  "baluchistan_area": "Белуджистан",
  "bashkiria_area": "Башкирия",
  "basilicata_area": "Базиликата и Калабрия",
  "bavaria_area": "Бавария",
  "bay_of_biscay_area": "Бискайский залив",
  "beiping_area": "Бэйпин",
  "belau_area": "Белау",
  "belau_sea_zones_area": "Белауанское море",
  "beloozero_area": "Белоозеро",
  "bengal_area": "Бенгалия",
  "bengal_bay_area": "Бенгальский залив",
  "bengal_sea_zones_area": "Бенгальское море",
  "benin_area": "Бенин",
  "bermuda_area": "Бермудские острова",
  "bermuda_province": "Бермудские острова",
  "bhojpur_area": "Бходжпур",
  "bismarck_area": "Бисмарк",
  "black_ruthenia_area": "Чёрная Русь",
  "black_sea_area": "Чёрное море",
  "bogota_area": "Богота",
  "bohemia_area": "Богемия",
  "bolghar_area": "Булгар",
  "bornu_area": "Борну",
  "bosnia_area": "Босния",
  "bougainville_area": "Бугенвиль",
  "bouvet_area": "Буве",
  "brabant_area": "Брабант",
  "brandenburg_area": "Бранденбург",
  "bratsk_area": "Братск",
  "brittany_area": "Бретань",
  "brittany_area_ADJ": "Бретонск",
  "bulgaria_area": "Болгария",
  "burgundy_area": "Бургундия",
  "burgundy_area_ADJ": "Бургундск",
  "bursol_area": "Бурсоль",
  "butana_area": "Бутана",
  "california_area": "Верхняя Калифорния",
  "cameroon_highlands_area": "Камерунское нагорье",
  "campania_area": "Кампания и Принчипато",
  "canadian_atlantic_coast_area": "Атлантическое побережье Канады",
  "canary_island_coast": "Побережье Канарских островов",
  "canary_islands_area": "Канарские острова",
  "cape_area": "Мыс Доброй Надежды",
  "cape_sea_zones": "Море Мыса Доброй Надежды",
  "cape_verde_area": "Острова Зелёного мыса",
  "cappadocia_area": "Каппадокия",
  "caribbean_sea_area": "Карибское море",
  "carinthia_area": "Каринтия",
  "cascadia_area": "Каскадия",
  "cascadia_sea_zones_area": "Западное побережье Америки",
  "caspian_sea_area": "Каспийское море",
  "castile_area": "Кастилия",
  "castile_area_ADJ": "Кастильск",
  "catalonia_area": "Каталония",
  "catalonia_area_ADJ": "Каталонск",
  "celebes_area": "Целебес",
  "central_africa_area": "Центральная Африка",
  "central_america_sea_zones_area": "Центральноамериканское море",
  "central_anatolia_area": "Центральная Анатолия",
  "central_ethiopia_area": "Центральная Эфиопия",
  "central_mediterranean_sea_area": "Центральное Средиземноморье",
  "central_plains_area": "Центральные Великие равнины",
  "central_poland_area": "Центральная Польша",
  "central_switzerland_area": "Швейцария",
  "chaco_area": "Чако",
  "chactemal_area": "Чактемаль",
  "chala_area": "Чала",
  "champa_area": "Чампа",
  "champagne_area": "Шампань",
  "champagne_area_ADJ": "Шампанск",
  "changtang_area": "Чангтанг",
  "chao_phraya_area": "Чаупхрая",
  "chilapan_area": "Чилапан",
  "chimgi_tura_area": "Чинги-Тура",
  "chota_nagpur_area": "Чхота-Нагпур",
  "chuandong_area": "Чуаньдун",
  "chuannan_area": "Чуаньнань",
  "chuanxi_area": "Чуаньси",
  "chukchee_area": "Чукотка",
  "chuuk_area": "Чуук",
  "chuuk_sea_zones_area": "Чуукское море",
  "chuvan_area": "Чуван",
  "cilicia_area": "Киликия",
  "coast_of_morocco": "Марокканское побережье",
  "coast_of_portugal_province": "Побережье Португалии",
  "columbia_interior_area": "Внутренняя Колумбия",
  "connaught_area": "Коннахт",
  "crimea_area": "Крым",
  "croatia_area": "Хорватия",
  "cuba_area": "Куба",
  "culiacan_area": "Кульякан",
  "cuyo_area": "Куйо",
  "cyrenaica_area": "Киренаика",
  "dali_area": "Дали",
  "darfur_area": "Кордофан",
  "datong_area": "Датун",
  "deccan_sea_zones_area": "Деканское море",
  "denmark_area": "Дания",
  "desert_area": "Сахарские оазисы",
  "desht_kipchak_area": "Дешт-и-Кипчак",
  "doab_area": "Доаб",
  "dzungaria_area": "Джунгария",
  "east_african_island_area": "Восточно-Африканские острова",
  "east_anglia_area": "Восточная Англия",
  "east_china_coastline": "Восточное побережье Китая",
  "east_greenland_sea_area": "Восточное побережье Гренландии",
  "east_kongo_area": "Восточное Конго",
  "east_lunda_area": "Восточная Лунда",
  "east_madagascar_area": "Восточный Мадагаскар",
  "east_mossi_area": "Восточное Мосси",
  "east_novgorod_area": "Восточная Новгородчина",
  "east_stanovoi_area": "Восточный Становой хребет",
  "eastern_australia_area": "Восточная Австралия",
  "eastern_australia_high_sea_zones_area": "Восточно-Австралийское море",
  "eastern_australia_sea_zones_area": "Восточно-Австралийское море",
  "eastern_gobi_area": "Восточная Гоби",
  "eastern_greenland_sea_area": "Восточно-Гренландское море",
  "eastern_khorasan_area": "Восточный Хорасан",
  "eastern_ontario_area": "Восточное Онтарио",
  "eastern_switzerland_area": "Реция",
  "egaso_ngiro_area": "Эвасо-Нгиро",
  "emilia_area": "Эмилия и Романья",
  "equatoria_area": "Экватория",
  "extremadura_area": "Эстремадура",
  "extremadura_area_ADJ": "Эстремадурск",
  "ezo_area": "Эдзо",
  "ezo_sea": "Эдзийское море",
  "falklands_area": "Фолкленды",
  "fars_area": "Фарс",
  "fiji_area": "Фиджи",
  "fiji_sea_zones_area": "Фиджийское море",
  "flanders_area": "Фландрия",
  "florida_area": "Флорида",
  "franche_comte_area": "Франш-Конте",
  "franche_comte_area_ADJ": "Франко-контийск",
  "franconia_area": "Франкония",
  "friesland_area": "Фрисландия",
  "fujian_area": "Фуцзянь",
  "futa_tooro_area": "Фута Торо",
  "futuna_area": "Футуна",
  "galapagos_area": "Галапагосы",
  "galicia_area": "Галисия",
  "galicia_area_ADJ": "Галисийск",
  "gambia_area": "Гамбия",
  "gansu_area": "Ганьсу",
  "gao_area": "Гао",
  "gascony_area": "Гасконь",
  "gascony_area_ADJ": "Гасконск",
  "georgia_area": "Грузия",
  "georgia_us_area": "Грузия",
  "ghana_area": "Гана",
  "gold_coast_area": "Золотой Берег",
  "gondwana_area": "Гондвана",
  "goringhaikona_area": "Горингайкона",
  "gotaland_area": "Гёталанд",
  "granada_area": "Гранада",
  "granada_area_ADJ": "Гранадск",
  "great_basin_area": "Большой Бассейн",
  "great_lakes_sea_zones_area": "Великие озёра",
  "greater_poland_area": "Великая Польша",
  "greenland_area": "Гренландия",
  "greenland_sea_area": "Гренландское море",
  "greenstone_belt_area": "Нагорье Абитиби",
  "guachichil_area": "Гуачичиль",
  "guanajuato_area": "Гуанахуато",
  "guangdong_area": "Гуандун",
  "guangxi_area": "Гуанси",
  "guapore_area": "Гуапоре",
  "guizhou_area": "Гуйчжоу",
  "gujarat_area": "Гуджарат",
  "gulf_of_guinea_area": "Гвинейский залив",
  "gulf_of_mexico_area": "Мексиканский залив",
  "gulf_of_saint_lawrence_area": "Залив Святого Лаврентия",
  "gur_area": "Гур",
  "guyenne_area": "Гиень",
  "guyenne_area_ADJ": "Гиенск",
  "gwanbuk_area": "Кванбук",
  "gwandong_area": "Квандон",
  "gwanseo_area": "Квансо",
  "gyeonggi_area": "Кёнгидо",
  "haeseo_area": "Хэсо",
  "haibei_hainan_area": "Хайбэй-Хайнань",
  "hail_area": "Аль-Хаиль",
  "haiyou_area": "Хайю",
  "haudenosaunee_area": "Хауденосауни",
  "hawaii_area": "Гавайи",
  "hawaii_sea_area": "Гавайское море",
  "hawaii_sea_zones_area": "Гавайское море",
  "hebei_area": "Хэбэй",
  "hebrides_area": "Гебриды",
  "hebrides_area_ADJ": "Гебридск",
  "hedjaz_area": "Хиджаз",
  "henan_area": "Хэнань",
  "hesse_area": "Гессен",
  "hexi_area": "Хэси",
  "high_plains_area": "Высокие равнины",
  "hill_area": "Горы Зо",
  "hispaniola_area": "Испаньола",
  "hokurikudou_area": "Хокурикудо",
  "holland_area": "Голландия",
  "holstein_area": "Гольштейн",
  "home_counties_area": "Центральные графства",
  "honam_area": "Хонам",
  "hoseo_area": "Хосо",
  "huaidong_area": "Хуайдун",
  "huaixi_area": "Хуайси",
  "huaxyacac_area": "Уашьякак",
  "hubei_area": "Хубэй",
  "hudson_area": "Гудзон",
  "hudson_bay_coast_area": "Побережье Гудзонова залива",
  "hudson_bay_sea_zones_area": "Гудзонов залив",
  "hunan_area": "Хунань",
  "iberian_west_coast_area": "Западно-Иберийское побережье",
  "iceland_area": "Исландия",
  "icelandic_coast_area": "Исландское побережье",
  "igombe_area": "Игомбе",
  "ile_de_france_area": "Иль-де-Франс",
  "ile_de_france_area_ADJ": "Франсийск",
  "illinois_area": "Иллинойс",
  "imabite_area": "Имабите",
  "indian_andaman_area": "Андаманское течение",
  "indian_austral_area": "Австралийское течение",
  "indian_equatorial_countercurrent_area": "Индийское межпассатное противотечение",
  "indian_horn_area": "Течение мыса Горн",
  "indian_monsoon_area": "Муссонное течение",
  "indian_north_agulhas_area": "Северное течение мыса Агульяс",
  "indian_south_area": "Южно-Индийское течение",
  "indian_south_equatorial_area": "Индийское южное пассатное течение",
  "indiana_area": "Индиана",
  "indigirka_area": "Индигирка",
  "indonesia_coasts_area": "Побережье Индонезии",
  "inner_somalia_area": "Внутреннее Сомали",
  "ionian_sea_area": "Ионическое море",
  "iowa_area": "Айова",
  "iraq_ajam_area": "Персидский Ирак",
  "iraq_arabi_area": "Арабский Ирак",
  "irkutsk_area": "Иркутск",
  "irrawady_area": "Иравади",
  "irrawady_delta_area": "Дельта Иравади",
  "jaguaribe_area": "Жагуариби",
  "james_bay_lowlands_area": "Западный залив Джеймс",
  "jamesie_area": "Восточный залив Джеймс",
  "janeiro_area": "Жанейро",
  "japan_coastline": "Побережье Японии",
  "java_area": "Ява",
  "jazira_area": "Джазира",
  "jharkhand_area": "Джаркханд",
  "jiangnan_area": "Цзяннань",
  "jiangxi_area": "Цзянси",
  "jolof_area": "Джолоф",
  "juan_fernandez_area": "Хуан-Фернандес",
  "kachin_area": "Качин",
  "kalahari_area": "Калахари",
  "kamchatka_area": "Камчатка",
  "kanaky_area": "Канакь",
  "kanaky_sea_zones_area": "Канакское море",
  "kanem_area": "Канем",
  "kansk_area": "Канск",
  "karagay_area": "Карагай",
  "karelia_area": "Карелия",
  "karnakassala_area": "Карнакассала",
  "karoo_area": "Кару",
  "kasongo_area": "Касонго",
  "kazan_area": "Казань",
  "keewatin_area": "Киватин",
  "keewatin_n_area": "Северный Киватин",
  "kentucky_area": "Кентукки",
  "kerema_area": "Керема",
  "kerman_area": "Керман",
  "kham_area": "Кхам",
  "khorat_plateau_area": "Плато Корат",
  "khuzestan_area": "Хузестан и Луристан",
  "khwarazm_area": "Хорезм",
  "kinai_area": "Кинай",
  "kola_area": "Кола",
  "kolyma_area": "Колыма",
  "kong_area": "Конг",
  "kongo_area": "Конго",
  "konkan_area": "Конкан",
  "kordestan_area": "Курдистан",
  "korea_eastern_coastline": "Восточное побережье Кореи",
  "korea_western_coastline": "Западное побережье Кореи",
  "kru_area": "Кру",
  "kuki_airani_area": "Куки-Аирани",
  "kuki_airani_sea_zones_area": "Море Куки-Аирани",
  "kulykol_area": "Кулыколь",
  "kursk_area": "Курщина",
  "kuskatan_area": "Кускатан",
  "la_plata_area": "Ла-Плата",
  "labrador_area": "Лабрадор",
  "labrador_sea_area": "Море Лабрадор",
  "languedoc_area": "Лангедок",
  "languedoc_area_ADJ": "Лангедокск",
  "laptev_coast_area": "Побережье Сибирского моря",
  "laurentian_area": "Лаврентиды",
  "lazio_area": "Лацио",
  "left_bank_ukraine_area": "Левобережная Украина",
  "leinster_area": "Ленстер",
  "leon_area": "Леон",
  "leon_area_ADJ": "Леонск",
  "lesser_antilles_area": "Малые Антильские острова",
  "lesser_poland_area": "Малая Польша",
  "lesser_sunda_area": "Малая Сунда",
  "levant_area": "Левант",
  "levantine_sea_area": "Левантийское море",
  "liangjiang_area": "Лянцзян",
  "liaodong_area": "Ляодун",
  "libyan_sea_area": "Ливийское море",
  "liguria_area": "Лигурия и Корсика",
  "limpopo_area": "Лимпопо",
  "lithuania_area": "Литва",
  "logone_area": "Логон",
  "lombardy_area": "Ломбардия",
  "longyou_area": "Лунъю",
  "lord_howe_area": "Остров Лорд-Хау",
  "lorraine_area": "Лотарингия",
  "lorraine_area_ADJ": "Лотарингск",
  "louisiana_area": "Луизиана",
  "lousiana_sea_zones_area": "Луизианское море",
  "lower_amur_area": "Низовья Амура",
  "lower_canada_area": "Нижняя Канада",
  "lower_don_area": "Низовья Дона",
  "lower_egypt_area": "Нижний Египет",
  "lower_lena_area": "Низовья Лены",
  "lower_mekong_area": "Низовья Меконга",
  "lower_niger_area": "Нижний Нигер",
  "lower_saxony_area": "Нижняя Саксония",
  "lower_selenga_area": "Низовья Селенги",
  "lower_yik_area": "Нижний Йик",
  "luzon_area": "Лусон",
  "lyonnais_area": "Лионне",
  "macaronesia_area": "Макаронезия",
  "macaronesia_area_ADJ": "Макаронезийск",
  "macedonia_area": "Македония",
  "madeira_province": "Мадейра",
  "madeira_sea_area": "Мадейрское море",
  "maharashtra_area": "Махараштра",
  "maine_area": "Мэн",
  "majar_area": "Маджар",
  "majel_sea_zones_area": "Маджельское море",
  "malabar_area": "Малабар",
  "malagasy_highlands_area": "Малагасийское нагорье",
  "malawi_area": "Малавийский рифт",
  "malay_peninsula_area": "Малайский полуостров",
  "maldives_area": "Мальдивы",
  "mali_area": "Мали",
  "maligo_area": "Малиго",
  "malwa_area": "Малва",
  "mamore_area": "Маморе",
  "manchuria_coastline": "Побережье Маньчжурии",
  "mangazeya_area": "Мангазея",
  "marche_area": "Марке и Умбрия",
  "marianas_area": "Марианские острова",
  "marianas_sea_zones_area": "Марианское море",
  "marmara_area": "Мармара",
  "maryland_area": "Мэриленд",
  "mascarene_islands_area": "Маскаренские острова",
  "massachusetts_area": "Массачусетс",
  "matrega_area": "Матрега",
  "mayaab_area": "Маяаб",
  "mazandaran_area": "Мазендеран",
  "mazovia_area": "Мазовия",
  "mearim_area": "Меарин",
  "mecklenburg_area": "Мекленбург",
  "melanesia_area": "Меланезия",
  "mesoamerica_sea_zones_area": "Мезоамериканское море",
  "mexihko_area": "Мешико",
  "michigan_area": "Мичиган",
  "michoacan_area": "Мичоакан",
  "micronesia_area": "Микронезия",
  "middle_amur_area": "Средний Амур",
  "middle_lena_area": "Средняя Лена",
  "midlands_area": "Мерсия",
  "milne_area": "Милн",
  "mindanao_area": "Минданао",
  "minnesota_area": "Миннесота",
  "mississippi_area": "Миссисипи",
  "missouri_area": "Миссури",
  "mithila_area": "Митхила и Магадх",
  "moldavia_area": "Молдавия",
  "moluccas_area": "Молуккские острова",
  "momase_area": "Момасе",
  "mongolian_great_lakes_area": "Монгольские Большие озёра",
  "monyul_area": "Монъюл",
  "moqoit_area": "Мокойт",
  "moravia_area": "Моравия",
  "morea_area": "Морея",
  "morocco_area": "Аль-Магриб аль-Акса",
  "moscow_area": "Москва",
  "moshiko_area": "Мошико",
  "motu_maha_area": "Моту-Маха",
  "mozambique_area": "Мозамбик",
  "mozambique_channel_area": "Мозамбикский пролив",
  "mu_ngava_area": "Му-Нгава",
  "munster_area": "Манстер",
  "murcia_area": "Мурсия",
  "najd_area": "Неджд",
  "namib_area": "Намиб",
  "nankaidou_area": "Нанкайдо",
  "nanpo_area": "Нампо",
  "nanpo_sea_zones_area": "Море Нампо",
  "natahende_area": "Натахенде",
  "nauru_area": "Науру",
  "nauru_sea_zones_area": "Науруанское море",
  "navarre_area": "Наварра",
  "navarre_area_ADJ": "Наваррск",
  "nekokiaw_area": "Некокиав",
  "nepal_area": "Непал",
  "new_brunswick_area": "Нью-Брансуик",
  "new_hampshire_area": "Нью-Гэмпшир",
  "new_jersey_area": "Нью-Джерси",
  "new_zealand_sea_zones_area": "Новозеландское море",
  "newfoundland_area": "Ньюфаундленд",
  "ngari_area": "Нгари",
  "ngono_area": "Нгоно",
  "ngulumapu_area": "Нгулумапу",
  "niue_area": "Ниуэ",
  "niue_sea_zones_area": "Ниуэнское море",
  "nizhny_novgorod_area": "Нижний Новгород",
  "nord_norge_area": "Северная Норвегия",
  "norfolk_nz_area": "Остров Норфолк",
  "normandy_area": "Нормандия",
  "normandy_area_ADJ": "Нормандск",
  "north_alfold_area": "Северный Альфёльд",
  "north_borneo_area": "Северное Борнео",
  "north_carolina_area": "Северная Каролина",
  "north_china_coastline": "Северное побережье Китая",
  "north_dakota_area": "Северная Дакота",
  "north_gabun_area": "Северный Габон",
  "north_hausa_area": "Северный Хаусаленд",
  "north_madagascar_area": "Северный Мадагаскар",
  "north_portugal_area": "Северная Португалия",
  "north_portugal_area_ADJ": "Северопортугальск",
  "north_sumatra_area": "Северная Суматра",
  "north_yemen_area": "Северный Йемен",
  "northern_australia_high_sea_zones_area": "Северно-Австралийское море",
  "northern_caucasus_area": "Северный Кавказ",
  "northern_ethiopia_area": "Северная Эфиопия",
  "northern_greece_area": "Северная Греция",
  "northern_isles_area": "Северные острова",
  "northern_isles_sea_area": "Море Северных островов",
  "northern_ontario_area": "Северное Онтарио",
  "northern_somalia_area": "Северное Сомали",
  "northern_tai_highland_area": "Северно-Таиландское нагорье",
  "northumbria_area": "Нортумбрия",
  "northwest_coast_area": "Северо-западное побережье",
  "northwestern_australia_area": "Северо-Западная Австралия",
  "northwestern_ontario_area": "Северо-Западное Онтарио",
  "nubia_proper_area": "Нубия",
  "nunavik_area": "Нунавик",
  "nw_africa_coast_area": "Побережье Северо-Западной Африки",
  "oaxaca_area": "Оахака",
  "ohio_area": "Огайо",
  "oka_area": "Ока",
  "okavango_area": "Окаванго",
  "okhotsk_coast_area": "Побережье Охотского моря",
  "oman_area": "Оман",
  "oman_sea_zones_area": "Оманский залив",
  "omsk_area": "Омск",
  "onoid_area": "Ононди",
  "orissa_area": "Орисса",
  "orleanais_area": "Орлеане",
  "orleanais_area_ADJ": "Орлеанск",
  "ou_area": "Оу",
  "pacific_easter_equatorial_area": "Течение острова Пасхи",
  "pacific_equatorial_countercurrent_area": "Тихоокеанское межпассатное противотечение",
  "pacific_hawaii_area": "Гавайское течение",
  "pacific_kuro_area": "Течение Куро",
  "pacific_north_area": "Северо-Тихоокеанское течение",
  "pacific_north_equatorial_area": "Тихоокеанское северное пассатное течение",
  "pacific_polynesia_area": "Полинезийское течение",
  "pacific_south_area": "Южно-Тихоокеанское течение",
  "pacific_south_equatorial_area": "Тихоокеанское южное пассатное течение",
  "pacific_tasmania_area": "Тасманийское течение",
  "palliser_area": "Пализер",
  "pampa_area": "Пампа",
  "panama_area": "Панама",
  "papahanaumokuakea_area": "Папаханаумокуакеа",
  "papua_area": "Папуа",
  "papua_sea_zones_area": "Папуанское море",
  "paraguay_area": "Парагвай",
  "parana_area": "Парана",
  "paranaiba_area": "Паранаиба",
  "paranena_area": "Параненья",
  "parapitinga_area": "Парапитинга",
  "patagonia_area": "Патагония",
  "pennsylvania_area": "Пенсильвания",
  "perm_area": "Пермь",
  "peten_area": "Петен",
  "picardy_area": "Пикардия",
  "picardy_area_ADJ": "Пикардийск",
  "piemonte_area": "Пьемонт",
  "pindorama_area": "Пиндорама",
  "pitcairn_area": "Питкэрн",
  "pitcairn_sea_zones_area": "Питкэрнское море",
  "podolia_area": "Подолье",
  "poitou_area": "Пуату",
  "poitou_area_ADJ": "Пуатевинск",
  "polesia_area": "Полесье",
  "polynesia_area": "Полинезия",
  "pomerania_area": "Померания",
  "pomorye_area": "Поморье",
  "pontus_area": "Понт",
  "prince_edward_island_area": "Остров Принца Эдуарда",
  "provence_area": "Прованс",
  "provence_area_ADJ": "Провансальск",
  "prussia_area": "Пруссия",
  "pryazovia_area": "Приазовье",
  "puebla_area": "Пуэбла",
  "puelmapu_area": "Пуэльмапу",
  "puna_area": "Пуна",
  "punjab_area": "Пенджаб",
  "puuk_area": "Пуук",
  "qashliq_area": "Кашлык",
  "quebec_area": "Квебек",
  "quhestan_area": "Кохистан",
  "quitu_area": "Киту",
  "qullaw_area": "Кольяо",
  "raeffsky_area": "Тепото",
  "rajputana_area": "Раджпутана",
  "ralik_area": "Ралик",
  "rapa_nui_area": "Рапануи",
  "rapa_nui_sea_zones_area": "Рапануйское море",
  "ratak_area": "Ратак",
  "rawaki_area": "Раваки",
  "rawaki_sea_zones_area": "Равакийское море",
  "red_river_area": "Красная река",
  "red_river_delta_area": "Дельта Красной реки",
  "red_ruthenia_area": "Червонная Русь",
  "red_sea_area": "Красное море",
  "rekohu_area": "Рекоху",
  "rhineland_area": "Рейнская область",
  "rift_valley_area": "Рифтовая долина",
  "right_bank_ukraine_area": "Правобережная Украина",
  "rockies_area": "Скалистые горы",
  "rokhilkhand_area": "Рохилкханд",
  "rufiji_area": "Руфиджи",
  "rupa_rupa_area": "Рупа-Рупа",
  "russian_coastline": "Русское побережье",
  "ruvuma_lurio_area": "Рувума-Лурио",
  "ryazan_area": "Рязань",
  "ryuukyuu_area": "Рюкю",
  "ryuukyuu_sea_area": "Рюкюское море",
  "sahel_coast_province": "Побережье Сахеля",
  "saikaidou_area": "Сайкайдо",
  "sailan_area": "Сайлан",
  "salzburg_area": "Зальцбург",
  "samar_area": "Самар",
  "samara_area": "Самара",
  "samoa_area": "Самоа",
  "samoa_sea_zones_area": "Самоанское море",
  "samogitia_area": "Самогития",
  "sanindou_area": "Санъиндо",
  "sanyoudou_area": "Санъёдо",
  "sardinia_area": "Сардиния",
  "saskatchewan_area": "Саскачеван",
  "saurashtra_area": "Саураштра",
  "save_area": "Саве",
  "savoy_area": "Савойя и Дофине",
  "savoy_area_ADJ": "Савойск",
  "scandinavian_sea_zones_area": "Скандинавское побережье",
  "scottish_highlands_area": "Хайленд",
  "scottish_lowlands_area": "Лоуленд",
  "sea_of_japan_area": "Японское море",
  "serbia_area": "Сербия",
  "severia_area": "Северщина",
  "shaanxi_area": "Шэньси",
  "shan_highland_area": "Шанское нагорье",
  "shandong_area": "Шаньдун",
  "shanxi_area": "Шаньси",
  "shiewhibak_area": "Али-Шон",
  "shilkari_area": "Шилкари",
  "shirvan_area": "Ширван",
  "siberian_lakes_area": "Сибирские озёра",
  "sicily_area": "Сицилия",
  "silesia_area": "Силезия",
  "silistria_area": "Силистрия",
  "sinai_area": "Синай",
  "sindh_area": "Синд",
  "sistan_area": "Систан",
  "skaneland_area": "Скания",
  "slavonia_area": "Славония",
  "sloboda_ukraine_area": "Слобожанщина",
  "slovakia_area": "Словакия",
  "slovenia_area": "Крайна",
  "smolensk_area": "Смоленск",
  "solomon_islands_area": "Соломоновы острова",
  "solomon_islands_coastal_sea_zones_area": "Прибрежные воды Соломоновых островов",
  "solomon_islands_sea_zones_area": "Море Соломоновых островов",
  "songhua_area": "Сунгари",
  "songnen_area": "Суннэнь",
  "south_alfold_area": "Южный Альфёльд",
  "south_australia_area": "Южная Австралия",
  "south_borneo_area": "Южное Борнео",
  "south_carolina_area": "Южная Каролина",
  "south_china_coastline": "Южное побережье Китая",
  "south_dakota_area": "Южная Дакота",
  "south_gabun_area": "Южный Габон",
  "south_georgia_area": "Южная Георгия",
  "south_hausa_area": "Южный Хаусаленд",
  "south_kongo_area": "Южное Конго",
  "south_macaronesia_area": "Южная Макаронезия",
  "south_manding_area": "Южный Мандинг",
  "south_portugal_area": "Южная Португалия",
  "south_portugal_area_ADJ": "Южнопортугальск",
  "south_sumatra_area": "Южная Суматра",
  "south_yemen_area": "Южный Йемен",
  "southeast_asian_coasts_area": "Юго-восточноазиатское побережье",
  "southeast_baltic_sea": "Юго-Восточнобалтийское море",
  "southeastern_australia_area": "Юго-Восточная Австралия",
  "southern_africa_islands_area": "Южно-Африканские острова",
  "southern_australia_high_sea_zones_area": "Южно-Австралийское море",
  "southern_ethiopia_area": "Южная Эфиопия",
  "southern_gobi_area": "Южная Гоби",
  "southern_new_england_area": "Южная Новая Англия",
  "southern_somalia_area": "Южное Сомали",
  "southwestern_australia_area": "Юго-Западная Австралия",
  "styria_area": "Штирия",
  "suni_area": "Суни",
  "superior_area": "Озеро Верхнее",
  "surgut_area": "Сургут",
  "sus_area": "$sus_province$",
  "suzdal_area": "Суздаль",
  "suzun_area": "Сузун",
  "svealand_area": "Свеаланд",
  "swabia_area": "Швабия",
  "syd_norge_area": "Южная Норвегия",
  "tahejoc_area": "Ге-Каачк-Баашо",
  "taiwan_area": "Тайвань",
  "tamaulipeco_area": "Тамаулипеко",
  "tambov_area": "Тамбов",
  "tamil_land_area": "Тамилнад",
  "tana_area": "Тана",
  "tarim_area": "Тарим",
  "te_henua_enana_area": "Те-Хенуа-Энана",
  "te_henua_enana_sea_zones_area": "Море Те-Хенуа-Энана",
  "telingana_area": "Телингана",
  "temotu_area": "Темоту",
  "temotu_sea_zones_area": "Море Темоту",
  "tennessee_area": "Теннесси",
  "texas_area": "Техас",
  "tezulutlan_area": "Тесулутлан",
  "thaba_bosiu_area": "Таба-Босиу",
  "thrace_area": "Фракия",
  "timbuktu_area": "Тимбукту",
  "timor_sea_area": "Тиморское море",
  "tinputz_area": "Тинпуц",
  "tirol_area": "Тироль и Трентино",
  "tlaxcala_area": "Тласкала",
  "tocantins_area": "Токантинс",
  "tochtepec_area": "Точтепек",
  "tokelau_area": "Токелау",
  "tokelau_sea_zones_area": "Токелауанское море",
  "toledo_area": "Толедо",
  "toledo_area_ADJ": "Толедск",
  "tomsk_area": "Томск",
  "tonga_area": "Тонга",
  "tonga_sea_zones_area": "Тонганское море",
  "totaiete_ma_area": "Тотаиэте-Ма",
  "totaiete_ma_sea_zones_area": "Море Тотаиэте-Ма",
  "totma_area": "Тотьма",
  "toukaidou_area": "Токайдо",
  "tousandou_area": "Тосандо",
  "transdanubia_area": "Задунайский край",
  "transoxiana_area": "Мавераннахр",
  "transylvania_area": "Трансильвания",
  "tripolitania_area": "Триполи",
  "tristan_da_cunha_area": "Острова Тристан-да-Кунья",
  "tristan_da_cunha_sea_zones_area": "Море Тристан-да-Кунья",
  "tsang_area": "Цанг",
  "tuamotu_area": "Туамоту",
  "tuamotu_sea_zones_area": "Туамотуанское море",
  "tuhaa_pae_area": "Тубуаи",
  "tuhaa_pae_sea_zones_area": "Тубуайское море",
  "tungaru_area": "Тунгару",
  "tungaru_sea_zones_area": "Море Тунгару",
  "tunis_area": "Аль-Магриб аль-Адна",
  "tuscany_area": "Тоскана",
  "tuva_area": "Тува",
  "tuvalu_area": "Тувалу",
  "tuvalu_sea_zones_area": "Тувалуанское море",
  "tver_area": "Тверь",
  "tyrrhenian_sea": "Тирренское море",
  "tzaneen_area": "Цанен",
  "u_area": "У",
  "ulster_area": "Ольстер",
  "umgungundlovu_area": "Умгунгундлову",
  "upper_austria_area": "Верхняя Австрия",
  "upper_egypt_area": "Верхний Египет",
  "upper_guinea_area": "Верхняя Гвинея",
  "upper_indus_area": "Верхний Инд",
  "upper_lena_area": "Верхняя Лена",
  "upper_missouri_area": "Верхнее Миссури",
  "upper_rhine_area": "Верхний Рейн",
  "upper_saxony_area": "Верхняя Саксония",
  "upper_selenga_area": "Верхняя Селенга",
  "ural_area": "Урал",
  "uruguay_area": "Уругвай",
  "ussuri_area": "Уссури",
  "ust_sysola_area": "Усть-Сысола",
  "valencia_area": "Валенсия",
  "valencia_area_ADJ": "Валенсийск",
  "vanuatu_area": "Вануату",
  "vanuatu_sea_zones_area": "Море Вануату",
  "veneto_area": "Венето и Фриули",
  "veracruz_area": "Веракрус",
  "vermont_area": "Вермонт",
  "victoria_area": "Озеро Виктория",
  "vidarbha_area": "Видарбха",
  "virginia_area": "Виргиния",
  "visayas_area": "Висайские острова",
  "vitim_area": "Витим",
  "viye_area": "Вийе",
  "vladimir_area": "Владимир",
  "volhynia_area": "Волынь",
  "vorkuta_area": "Воркута",
  "vyatka_area": "Вятка",
  "wadai_area": "Вадаи",
  "wales_area": "Уэльс",
  "wallachia_area": "Валахия",
  "wallonia_area": "Валлония",
  "wami_area": "Вами",
  "wanin_area": "Ванин",
  "west_africa_coastline": "Побережье Западной Африки",
  "west_anatolia_area": "Западная Анатолия",
  "west_country_area": "Уэст-Кантри",
  "west_greenland_sea_area": "Западное побережье Гренландии",
  "west_kongo_area": "Западное Конго",
  "west_lunda_area": "Западная Лунда",
  "west_madagascar_area": "Западный Мадагаскар",
  "west_mossi_area": "Западное Мосси",
  "west_novgorod_area": "Западная Новгородчина",
  "west_stanovoi_area": "Западный Становой хребет",
  "west_virginia_area": "Западная Виргиния",
  "western_arctic_area": "Западная Арктика",
  "western_australia_high_sea_zones_area": "Западно-Австралийское море",
  "western_gobi_area": "Западная Гоби",
  "western_greenland_sea_zones_area": "Западно-Гренландское море",
  "western_india_sea_zones_area": "Западно-Индийское море",
  "western_khorasan_area": "Западный Хорасан",
  "western_mediterranean_sea_area": "Западное Средиземноморье",
  "western_ontario_area": "Западное Онтарио",
  "western_sahara_area": "Западная Сахара",
  "western_switzerland_area": "Романдия",
  "westphalia_area": "Вестфалия",
  "westsylvania_area": "Аллеганы",
  "white_ruthenia_area": "Белая Русь",
  "wisconsin_area": "Висконсин",
  "wuling_area": "Улин",
  "xalisco_area": "Халиско",
  "xilotepec_area": "Хилотепек",
  "yakutia_area": "Якутия",
  "yakutsk_sea_area": "Якутское море",
  "yanbei_area": "Яньбэй",
  "yandin_area": "Яндин",
  "yannan_area": "Яньнань",
  "yaroslavl_area": "Ярославль",
  "yedisan_area": "Едисан",
  "yenisei_area": "Енисей",
  "yeongnam_area": "Йоннам",
  "yoruba_area": "Йоруба",
  "yukon_area": "Юкон",
  "yunga_area": "Юнга",
  "yunnan_area": "Юньнань",
  "zacatecas_area": "Тлакуитлапан",
  "zambezi_area": "Замбези",
  "zaporizhzhia_area": "Запорожье",
  "zarma_area": "Зарма",
  "zhejiang_area": "Чжэцзян",
  "zhetysu_area": "Жетысу"
}